INSERT IGNORE INTO PACIENTE (PACIENTE_ID, PACIENTE_NOMBRES, PACIENTE_APELLIDOS, PACIENTE_FECHANACIMIENTO, PACIENTE_SEXO, PACIENTE_LUGARNACIMIENTO, PACIENTE_CURP, PACIENTE_GRUPOSANGUINEO, PACIENTE_EMAIL, PACIENTE_TELEFONO, PACIENTE_DIRECCION, PACIENTE_CONTACTO_NOMBRE, PACIENTE_CONTACTO_TELEFONO, PACIENTE_CONTACTO_DIRECCION, ADMINISTRADOR_ID)
VALUES ( "pac1", "Juan Carlos", "González Martínez", "1979-03-23", "m", "Acámbaro, Michoacán", "GOMJ790323HMIXDL04", "ORH+", "juanca@gmail.com", "4428280123", "Insurgenges Queretanos #32, col. Centro", "Sergio Molina", "4422101616", "Margaritas #29, col. Jardines de Querétaro", "adm001");
INSERT IGNORE INTO PACIENTE (PACIENTE_ID, PACIENTE_NOMBRES, PACIENTE_APELLIDOS, PACIENTE_FECHANACIMIENTO, PACIENTE_SEXO, PACIENTE_LUGARNACIMIENTO, PACIENTE_CURP, PACIENTE_GRUPOSANGUINEO, PACIENTE_EMAIL, PACIENTE_TELEFONO, PACIENTE_DIRECCION, PACIENTE_CONTACTO_NOMBRE, PACIENTE_CONTACTO_TELEFONO, PACIENTE_CONTACTO_DIRECCION, ADMINISTRADOR_ID)
VALUES ("pac2", "Alejandra", "Novoa Rivera", "1985-03-19", "f", "Angangueo, Michoacán", "NORA850319MMIXDL06", "ORH+", "ale@gmail.com", "4421234567", "Av. El Jacal #340 col. La Joya", "karina Del Angel", "4422896012", "	AV. GUADALUPE S/N", "adm001");
INSERT IGNORE INTO PACIENTE (PACIENTE_ID, PACIENTE_NOMBRES, PACIENTE_APELLIDOS, PACIENTE_FECHANACIMIENTO, PACIENTE_SEXO, PACIENTE_LUGARNACIMIENTO, PACIENTE_CURP, PACIENTE_GRUPOSANGUINEO, PACIENTE_EMAIL, PACIENTE_TELEFONO, PACIENTE_DIRECCION, PACIENTE_CONTACTO_NOMBRE, PACIENTE_CONTACTO_TELEFONO, PACIENTE_CONTACTO_DIRECCION, ADMINISTRADOR_ID)
VALUES ("pac3", "Martín", "Morales Gudiño", "1990-08-20", "m", "Tangamandapio, Michoacán", "MOGM900820HMIXDL06", "AB+", "gudi@gmail.com", "4421234567", "Av. El Jacal #340 col. La Joya", "Manuel Molina", "4422369480", "	AVENIDA NIÑOS HEROES NO. 3", "adm001");
INSERT IGNORE INTO PACIENTE (PACIENTE_ID, PACIENTE_NOMBRES, PACIENTE_APELLIDOS, PACIENTE_FECHANACIMIENTO, PACIENTE_SEXO, PACIENTE_LUGARNACIMIENTO, PACIENTE_CURP, PACIENTE_GRUPOSANGUINEO, PACIENTE_EMAIL, PACIENTE_TELEFONO, PACIENTE_DIRECCION, PACIENTE_CONTACTO_NOMBRE, PACIENTE_CONTACTO_TELEFONO, PACIENTE_CONTACTO_DIRECCION, ADMINISTRADOR_ID)
VALUES ("pac4", "Efrén", "Pacheco Cruz", "2003-04-02", "m", "Amealco de Bonfil, Querétaro", "OIAA900907MCHLYN00", "O-", "picapiedra@gmail.com", "7222106061", "AVE HERIBERTO ENRIQUEZ 646 , SANTA MARIA DE LAS ROSAS, TOLUCA, MEX, C.P. 50140", "Martina Altamira", "4422879568", "CARRETERA MEXICO-LAREDO KM.125", "adm001");
INSERT IGNORE INTO PACIENTE (PACIENTE_ID, PACIENTE_NOMBRES, PACIENTE_APELLIDOS, PACIENTE_FECHANACIMIENTO, PACIENTE_SEXO, PACIENTE_LUGARNACIMIENTO, PACIENTE_CURP, PACIENTE_GRUPOSANGUINEO, PACIENTE_EMAIL, PACIENTE_TELEFONO, PACIENTE_DIRECCION, PACIENTE_CONTACTO_NOMBRE, PACIENTE_CONTACTO_TELEFONO, PACIENTE_CONTACTO_DIRECCION, ADMINISTRADOR_ID)
VALUES ("pac5", "Fransisco", "Acosta Verduzco", "1969-01-25", "m", "Actopan, Veracruz", "VIRF890629HSLZBR06", "O+", "computerhoy.c.o.m@gmail.com", "7224965992", "Jardín de Lomas Verdes, Colonia Lomas Verdes, Av. Constitución / Adolfo Béquer, Colima,Col.,C.P. 28017", "Salvador Castillo", "4422254678", "PLAZA CONSTITUCION NO. 1", "adm001");
INSERT IGNORE INTO PACIENTE (PACIENTE_ID, PACIENTE_NOMBRES, PACIENTE_APELLIDOS, PACIENTE_FECHANACIMIENTO, PACIENTE_SEXO, PACIENTE_LUGARNACIMIENTO, PACIENTE_CURP, PACIENTE_GRUPOSANGUINEO, PACIENTE_EMAIL, PACIENTE_TELEFONO, PACIENTE_DIRECCION, PACIENTE_CONTACTO_NOMBRE, PACIENTE_CONTACTO_TELEFONO, PACIENTE_CONTACTO_DIRECCION, ADMINISTRADOR_ID)
VALUES ("pac6", "Karina", "Valdes Aranda", "1958-10-15", "f", "Almoloya, Hidalgo", "MAPJ770702HCHRNS08", "B-", "rosaMendez@gmail.com", "5585262259", "Centenario no. 638, Colonia Niños Héroes, Villa de Álvarez, Col., CP:28025", "Tereso Alvarez", "442232648750", "CARRETERA SAN SALVADOR SAN MIGUEL K", "adm001");
INSERT IGNORE INTO PACIENTE (PACIENTE_ID, PACIENTE_NOMBRES, PACIENTE_APELLIDOS, PACIENTE_FECHANACIMIENTO, PACIENTE_SEXO, PACIENTE_LUGARNACIMIENTO, PACIENTE_CURP, PACIENTE_GRUPOSANGUINEO, PACIENTE_EMAIL, PACIENTE_TELEFONO, PACIENTE_DIRECCION, PACIENTE_CONTACTO_NOMBRE, PACIENTE_CONTACTO_TELEFONO, PACIENTE_CONTACTO_DIRECCION, ADMINISTRADOR_ID)
VALUES ("pac7", "Patricia", "Álvarez Nemegyei", "1978-06-21", "f", "Coroneo, Guanajuato", "HEVL910224HCHRLS09", "A-", "aledetres@gmail.com", "5571003112", "Av. Niños Héroes esquina con Adolfo Ruiz Cortínez, Casa Ejidal de la Estancia, C.P.2861", "Efrain Gonzalez", "4422668954", "AV. LIC. VICENTE AGUIRRE S/N", "adm001");
INSERT IGNORE INTO PACIENTE (PACIENTE_ID, PACIENTE_NOMBRES, PACIENTE_APELLIDOS, PACIENTE_FECHANACIMIENTO, PACIENTE_SEXO, PACIENTE_LUGARNACIMIENTO, PACIENTE_CURP, PACIENTE_GRUPOSANGUINEO, PACIENTE_EMAIL, PACIENTE_TELEFONO, PACIENTE_DIRECCION, PACIENTE_CONTACTO_NOMBRE, PACIENTE_CONTACTO_TELEFONO, PACIENTE_CONTACTO_DIRECCION, ADMINISTRADOR_ID)
VALUES ("pac8", "Érick", "Araico Laguillo", "1999-03-02", "m", "Tonala, Jalisco", "MOIAA900907MCHLYN00", "AB+", "siempretuya@gmail.com", "6643142260", "Sociedad Cooperativa de Artesanías Pueblo Blanco, Km 7 carretera Villa de Álvarez –Comala, C.P28450", "Daniel Tinajero", "4422375986", "FELIPE ANGELES S/N", "adm001");
INSERT IGNORE INTO PACIENTE (PACIENTE_ID, PACIENTE_NOMBRES, PACIENTE_APELLIDOS, PACIENTE_FECHANACIMIENTO, PACIENTE_SEXO, PACIENTE_LUGARNACIMIENTO, PACIENTE_CURP, PACIENTE_GRUPOSANGUINEO, PACIENTE_EMAIL, PACIENTE_TELEFONO, PACIENTE_DIRECCION, PACIENTE_CONTACTO_NOMBRE, PACIENTE_CONTACTO_TELEFONO, PACIENTE_CONTACTO_DIRECCION, ADMINISTRADOR_ID)
VALUES ("pac9", "Jonathan", "Berruecos Villalobos", "1988-05-07", "m", "Zapopan, Jalisco", "CEMR880711HCHBRB00", "AB-", "pacheco@gmail.com", "8688860502", "Parque Hidalgo (Concha Acústica),ColimaCentro, Belisario Domínguez/20 de noviembre,C.P.2800", "Salome Rivera", "4422334488", "PLAZA MORELOS NO.12", "adm001");
INSERT IGNORE INTO PACIENTE (PACIENTE_ID, PACIENTE_NOMBRES, PACIENTE_APELLIDOS, PACIENTE_FECHANACIMIENTO, PACIENTE_SEXO, PACIENTE_LUGARNACIMIENTO, PACIENTE_CURP, PACIENTE_GRUPOSANGUINEO, PACIENTE_EMAIL, PACIENTE_TELEFONO, PACIENTE_DIRECCION, PACIENTE_CONTACTO_NOMBRE, PACIENTE_CONTACTO_TELEFONO, PACIENTE_CONTACTO_DIRECCION, ADMINISTRADOR_ID)
VALUES ("pac10", "Laura", "Eguibar Cuenca", "1972-09-01", "f", "Casas Grandes, Chihuahua", "AECJ940429HCHRRS01", "ORH+", "adan@gmail.com", "8245864688", "V. Carranza no. 21-B, Colonia Centro Cuauhtémoc,C.P.2850", "Marisol Sanchez", "4422669955", "EMILIANO ZAPATA NUM.1", "adm001");
INSERT IGNORE INTO PACIENTE (PACIENTE_ID, PACIENTE_NOMBRES, PACIENTE_APELLIDOS, PACIENTE_FECHANACIMIENTO, PACIENTE_SEXO, PACIENTE_LUGARNACIMIENTO, PACIENTE_CURP, PACIENTE_GRUPOSANGUINEO, PACIENTE_EMAIL, PACIENTE_TELEFONO, PACIENTE_DIRECCION, PACIENTE_CONTACTO_NOMBRE, PACIENTE_CONTACTO_TELEFONO, PACIENTE_CONTACTO_DIRECCION, ADMINISTRADOR_ID)
VALUES ("pac11", "Valeria", "Graef Arriola", "1995-09-02", "f", "Acapulco, Guerrero", "JAAJ761004HCLLGS07", "A+", "lunaalcantaraz@gmail.com", "7427251230", " Villa de Álvarez, Col., C.P.28978", "Maximino Nieto", "442212896234", "KM.131 CARRETERA MEXICO LAREDO", "adm001");
INSERT IGNORE INTO PACIENTE (PACIENTE_ID, PACIENTE_NOMBRES, PACIENTE_APELLIDOS, PACIENTE_FECHANACIMIENTO, PACIENTE_SEXO, PACIENTE_LUGARNACIMIENTO, PACIENTE_CURP, PACIENTE_GRUPOSANGUINEO, PACIENTE_EMAIL, PACIENTE_TELEFONO, PACIENTE_DIRECCION, PACIENTE_CONTACTO_NOMBRE, PACIENTE_CONTACTO_TELEFONO, PACIENTE_CONTACTO_DIRECCION, ADMINISTRADOR_ID)
VALUES ("pac12", "Norberto", "Jakes Jáuregui", "2000-11-30", "m", "Tehuacan, Puebla", "PAVE910731HCHYLN05", "A-", "virginialopez@gmail.com", "7575029091", "Colonia Ramón Serrano, Villa de Álvarez, Col., C.P.28984", "Carlos Rubio", "4422639458", "PLAZA ADOLFO LOPEZ MATEOS", "adm001");
INSERT IGNORE INTO PACIENTE (PACIENTE_ID, PACIENTE_NOMBRES, PACIENTE_APELLIDOS, PACIENTE_FECHANACIMIENTO, PACIENTE_SEXO, PACIENTE_LUGARNACIMIENTO, PACIENTE_CURP, PACIENTE_GRUPOSANGUINEO, PACIENTE_EMAIL, PACIENTE_TELEFONO, PACIENTE_DIRECCION, PACIENTE_CONTACTO_NOMBRE, PACIENTE_CONTACTO_TELEFONO, PACIENTE_CONTACTO_DIRECCION, ADMINISTRADOR_ID)
VALUES ("pac13", "Gabriel", "Yamamoto Furusho", "2002-10-10", "m", "Cholula, Puebla", "BAVC840614HCHRLR04", "B+-", "elpoderdelnorte@gmail.com", "7954291636", "Nuevo León Colonia Centro, Armería, Col., C.P.28600", "Erika Yañez Rojas", "4422645896", "AV. 16 DE JULIO NO.8", "adm001");


INSERT IGNORE INTO PACIENTEINTERNADO (PACIENTEINTERNADO_ID, PACIENTEINTERNADO_OBSERVACION, PACIENTEINTERNADO_FECHAINGRESO, PACIENTE_ID, HABITACION_ID)
VALUES ("pin1", "Temperatura y dolor muscular", "2020-06-21 18:06:00", "pac1", "min03");

INSERT IGNORE INTO PACIENTEINTERNADO (PACIENTEINTERNADO_ID, PACIENTEINTERNADO_OBSERVACION, PACIENTEINTERNADO_FECHAINGRESO, PACIENTE_ID, HABITACION_ID)
VALUES ("pin2", "Temperatura y tos muy grabe", "2020-02-25 08:30:00", "pac2", "min05");

INSERT IGNORE INTO PACIENTEINTERNADO (PACIENTEINTERNADO_ID, PACIENTEINTERNADO_OBSERVACION, PACIENTEINTERNADO_FECHAINGRESO, PACIENTE_ID, HABITACION_ID)
VALUES ("pin3", "Tiene un brazo roto", "2020-10-02 10:15:00", "pac3", "min06");

INSERT IGNORE INTO PACIENTEINTERNADO (PACIENTEINTERNADO_ID, PACIENTEINTERNADO_OBSERVACION, PACIENTEINTERNADO_FECHAINGRESO, PACIENTE_ID, HABITACION_ID)
VALUES ("pin4", "Se corto un dedo", "2020-11-30 21:45:00", "pac4", "min07");

INSERT IGNORE INTO PACIENTEINTERNADO (PACIENTEINTERNADO_ID, PACIENTEINTERNADO_OBSERVACION, PACIENTEINTERNADO_FECHAINGRESO, PACIENTE_ID, HABITACION_ID)
VALUES ("pin5", "Dolor de cabeza", "2020-02-02 19:20:00", "pac5", "min09");

INSERT IGNORE INTO PACIENTEINTERNADO (PACIENTEINTERNADO_ID, PACIENTEINTERNADO_OBSERVACION, PACIENTEINTERNADO_FECHAINGRESO, PACIENTE_ID, HABITACION_ID)
VALUES ("pin6", "Dolor en la columna", "2019-06-03 15:00:00", "pac6", "min11");

INSERT IGNORE INTO PACIENTEINTERNADO (PACIENTEINTERNADO_ID, PACIENTEINTERNADO_OBSERVACION, PACIENTEINTERNADO_FECHAINGRESO, PACIENTE_ID, HABITACION_ID)
VALUES ("pin7", "Parálisis de la mitad del rostro", "2020-12-21 22:30:00", "pac7", "min13");

INSERT IGNORE INTO PACIENTETRANSITORIO (PACIENTETRANSITORIO_ID, PACIENTE_ID) VALUES ("pat1", "pac8");
INSERT IGNORE INTO CONSULTA (CONSULTA_ID, CONSULTA_OBSERVACIONES, CONSULTA_FECHA, DOCTOR_ID, CONSULTORIO_ID, PACIENTETRANSITORIO_ID)
VALUES ("csa1", "Consulta de rutina", "2020-09-30 12:00:00", "doc1", "cno2", "pat1");

INSERT IGNORE INTO PACIENTETRANSITORIO (PACIENTETRANSITORIO_ID, PACIENTE_ID) VALUES ("pat2", "pac9");
INSERT IGNORE INTO CONSULTA (CONSULTA_ID, CONSULTA_OBSERVACIONES, CONSULTA_FECHA, DOCTOR_ID, CONSULTORIO_ID, PACIENTETRANSITORIO_ID)
VALUES ("csa2", "Consulta de rutina", "2020-10-12 10:00:00", "doc2", "cno2", "pat2");

INSERT IGNORE INTO PACIENTETRANSITORIO (PACIENTETRANSITORIO_ID, PACIENTE_ID) VALUES ("pat3", "pac10");
INSERT IGNORE INTO CONSULTA (CONSULTA_ID, CONSULTA_OBSERVACIONES, CONSULTA_FECHA, DOCTOR_ID, CONSULTORIO_ID, PACIENTETRANSITORIO_ID)
VALUES ("csa3", "Consulta de rutina", "2020-11-03 08:00:00", "doc1", "cno2", "pat3");

INSERT IGNORE INTO PACIENTETRANSITORIO (PACIENTETRANSITORIO_ID, PACIENTE_ID) VALUES ("pat4", "pac11");
INSERT IGNORE INTO CONSULTA (CONSULTA_ID, CONSULTA_OBSERVACIONES, CONSULTA_FECHA, DOCTOR_ID, CONSULTORIO_ID, PACIENTETRANSITORIO_ID)
VALUES ("csa4", "Consulta de rutina", "2020-08-06 13:00:00", "doc2", "cno2", "pat4");

INSERT IGNORE INTO PACIENTETRANSITORIO (PACIENTETRANSITORIO_ID, PACIENTE_ID) VALUES ("pat5", "pac12");
INSERT IGNORE INTO CONSULTA (CONSULTA_ID, CONSULTA_OBSERVACIONES, CONSULTA_FECHA, DOCTOR_ID, CONSULTORIO_ID, PACIENTETRANSITORIO_ID)
VALUES ("csa5", "Consulta de rutina", "2020-10-08 16:00:00", "doc1", "cno2", "pat5");

INSERT IGNORE INTO PACIENTETRANSITORIO (PACIENTETRANSITORIO_ID, PACIENTE_ID) VALUES ("pat6", "pac13");
INSERT IGNORE INTO CONSULTA (CONSULTA_ID, CONSULTA_OBSERVACIONES, CONSULTA_FECHA, DOCTOR_ID, CONSULTORIO_ID, PACIENTETRANSITORIO_ID)
VALUES ("csa6", "Consulta de rutina", "2020-12-22 18:00:00", "doc2", "cno2", "pat6");

INSERT IGNORE INTO EXAMEN (EXAMEN_ID, EXAMEN_DIAGNOSTICO, EXAMEN_FECHA, PACIENTE_ID, DOCTOR_ID)
VALUES ("exa1", "Estudio de sangre", "2019-06-21", "pac1", "doc2");
INSERT IGNORE INTO RESULTADO (RESULTADO_ID, RESULTADO_DIAGNOSTICO, RESULTADO_TEXTO, RESULTADO_FECHA, EXAMEN_ID, PACIENTE_ID, LABORATORISTA_ID)
VALUES ("res1", "Hepatitis A", "Los estudios de sangre realizados arrojaron que el dolor agudo del paciente es a causa de Hepatitis A", "2019-06-23", "exa1", "pac1", "lab1");

INSERT IGNORE INTO EXAMEN (EXAMEN_ID, EXAMEN_DIAGNOSTICO, EXAMEN_FECHA, PACIENTE_ID, DOCTOR_ID)
VALUES ("exa2", "Estudio de orina", "2019-06-21", "pac2", "doc2");
INSERT IGNORE INTO RESULTADO (RESULTADO_ID, RESULTADO_DIAGNOSTICO, RESULTADO_TEXTO, RESULTADO_FECHA, EXAMEN_ID, PACIENTE_ID, LABORATORISTA_ID)
VALUES ("res2", "Neumonía", "El claro dolor abdominal indica convalecencia apendicitis", "2019-06-23", "exa2", "pac2", "lab1");

INSERT IGNORE INTO EXAMEN (EXAMEN_ID, EXAMEN_DIAGNOSTICO, EXAMEN_FECHA, PACIENTE_ID, DOCTOR_ID)
VALUES ("exa3", "Resonancia magnética", "2019-06-21", "pac3", "doc2");
INSERT IGNORE INTO RESULTADO (RESULTADO_ID, RESULTADO_DIAGNOSTICO, RESULTADO_TEXTO, RESULTADO_FECHA, EXAMEN_ID, PACIENTE_ID, LABORATORISTA_ID)
VALUES ("res3", "Convalecencia apendicitis", "El claro dolor abdominal indica convalecencia apendicitis", "2019-06-23", "exa3", "pac3", "lab1");

INSERT IGNORE INTO EXAMEN (EXAMEN_ID, EXAMEN_DIAGNOSTICO, EXAMEN_MUESTRA, EXAMEN_FECHA, PACIENTE_ID, DOCTOR_ID)
VALUES ("exa4", "Prueba de embarazo", "GCH 1234", "2019-06-21", "pac2", "doc1");

INSERT IGNORE INTO EXAMEN (EXAMEN_ID, EXAMEN_DIAGNOSTICO, EXAMEN_FECHA, PACIENTE_ID, DOCTOR_ID)
VALUES ("exa5", "Tos seca", "2020-09-23", "pac7", "doc1");
INSERT IGNORE INTO RESULTADO (RESULTADO_ID, RESULTADO_DIAGNOSTICO, RESULTADO_TEXTO, RESULTADO_FECHA, EXAMEN_ID, PACIENTE_ID, LABORATORISTA_ID)
VALUES ("res4", "Deshidratación crónica", "El paciente debe tomar más agua, ya que puede avanzar el malestar", "2020-09-30", "exa5", "pac7", "lab2");

INSERT IGNORE INTO TURNO_ENFERMERO (TURNO_ENFERMERO_ID, TURNO_HORARIO, HABITACION_ID, ENFERMERO_ID, ADMINISTRADOR_ID)
VALUES (1, "vespertino", "ped01", "enf1", "adm001");
INSERT IGNORE INTO TURNO_ENFERMERO (TURNO_ENFERMERO_ID, TURNO_HORARIO, HABITACION_ID, ENFERMERO_ID, ADMINISTRADOR_ID)
VALUES (2, "vespertino", "ped02", "enf1", "adm001");
INSERT IGNORE INTO TURNO_ENFERMERO (TURNO_ENFERMERO_ID, TURNO_HORARIO, HABITACION_ID, ENFERMERO_ID, ADMINISTRADOR_ID)
VALUES (3, "vespertino", "ped03", "enf1", "adm001");
INSERT IGNORE INTO TURNO_ENFERMERO (TURNO_ENFERMERO_ID, TURNO_HORARIO, HABITACION_ID, ENFERMERO_ID, ADMINISTRADOR_ID)
VALUES (4, "vespertino", "ped04", "enf1", "adm001");
INSERT IGNORE INTO TURNO_ENFERMERO (TURNO_ENFERMERO_ID, TURNO_HORARIO, HABITACION_ID, ENFERMERO_ID, ADMINISTRADOR_ID)
VALUES (5, "vespertino", "ped05", "enf1", "adm001");
INSERT IGNORE INTO TURNO_ENFERMERO (TURNO_ENFERMERO_ID, TURNO_HORARIO, HABITACION_ID, ENFERMERO_ID, ADMINISTRADOR_ID)
VALUES (6, "vespertino", "ped06", "enf1", "adm001");
INSERT IGNORE INTO TURNO_ENFERMERO (TURNO_ENFERMERO_ID, TURNO_HORARIO, HABITACION_ID, ENFERMERO_ID, ADMINISTRADOR_ID)
VALUES (7, "vespertino", "ped07", "enf1", "adm001");
INSERT IGNORE INTO TURNO_ENFERMERO (TURNO_ENFERMERO_ID, TURNO_HORARIO, HABITACION_ID, ENFERMERO_ID, ADMINISTRADOR_ID)
VALUES (8, "vespertino", "ped08", "enf1", "adm001");
INSERT IGNORE INTO TURNO_ENFERMERO (TURNO_ENFERMERO_ID, TURNO_HORARIO, HABITACION_ID, ENFERMERO_ID, ADMINISTRADOR_ID)
VALUES (9, "vespertino", "ped09", "enf1", "adm001");
INSERT IGNORE INTO TURNO_ENFERMERO (TURNO_ENFERMERO_ID, TURNO_HORARIO, HABITACION_ID, ENFERMERO_ID, ADMINISTRADOR_ID)
VALUES (10, "vespertino", "ped10", "enf1", "adm001");
INSERT IGNORE INTO TURNO_ENFERMERO (TURNO_ENFERMERO_ID, TURNO_HORARIO, HABITACION_ID, ENFERMERO_ID, ADMINISTRADOR_ID)
VALUES (11, "vespertino", "ped11", "enf1", "adm001");
INSERT IGNORE INTO TURNO_ENFERMERO (TURNO_ENFERMERO_ID, TURNO_HORARIO, HABITACION_ID, ENFERMERO_ID, ADMINISTRADOR_ID)
VALUES (12, "vespertino", "ped12", "enf1", "adm001");
INSERT IGNORE INTO TURNO_ENFERMERO (TURNO_ENFERMERO_ID, TURNO_HORARIO, HABITACION_ID, ENFERMERO_ID, ADMINISTRADOR_ID)
VALUES (13, "vespertino", "ped13", "enf1", "adm001");
INSERT IGNORE INTO TURNO_ENFERMERO (TURNO_ENFERMERO_ID, TURNO_HORARIO, HABITACION_ID, ENFERMERO_ID, ADMINISTRADOR_ID)
VALUES (14, "vespertino", "ped14", "enf1", "adm001");
INSERT IGNORE INTO TURNO_ENFERMERO (TURNO_ENFERMERO_ID, TURNO_HORARIO, HABITACION_ID, ENFERMERO_ID, ADMINISTRADOR_ID)
VALUES (15, "vespertino", "ped15", "enf1", "adm001");
INSERT IGNORE INTO TURNO_ENFERMERO (TURNO_ENFERMERO_ID, TURNO_HORARIO, HABITACION_ID, ENFERMERO_ID, ADMINISTRADOR_ID)
VALUES (16, "vespertino", "ped16", "enf1", "adm001");
INSERT IGNORE INTO TURNO_ENFERMERO (TURNO_ENFERMERO_ID, TURNO_HORARIO, HABITACION_ID, ENFERMERO_ID, ADMINISTRADOR_ID)
VALUES (17, "vespertino", "ped17", "enf1", "adm001");
INSERT IGNORE INTO TURNO_ENFERMERO (TURNO_ENFERMERO_ID, TURNO_HORARIO, HABITACION_ID, ENFERMERO_ID, ADMINISTRADOR_ID)
VALUES (18, "vespertino", "ped18", "enf1", "adm001");
INSERT IGNORE INTO TURNO_ENFERMERO (TURNO_ENFERMERO_ID, TURNO_HORARIO, HABITACION_ID, ENFERMERO_ID, ADMINISTRADOR_ID)
VALUES (19, "vespertino", "ped19", "enf1", "adm001");
INSERT IGNORE INTO TURNO_ENFERMERO (TURNO_ENFERMERO_ID, TURNO_HORARIO, HABITACION_ID, ENFERMERO_ID, ADMINISTRADOR_ID)
VALUES (20, "vespertino", "ped20", "enf1", "adm001");

INSERT IGNORE INTO TURNO_ENFERMERO (TURNO_ENFERMERO_ID, TURNO_HORARIO, HABITACION_ID, ENFERMERO_ID, ADMINISTRADOR_ID)
VALUES (21, "matutino", "min01", "enf2", "adm001");
INSERT IGNORE INTO TURNO_ENFERMERO (TURNO_ENFERMERO_ID, TURNO_HORARIO, HABITACION_ID, ENFERMERO_ID, ADMINISTRADOR_ID)
VALUES (22, "matutino", "min02", "enf2", "adm001");
INSERT IGNORE INTO TURNO_ENFERMERO (TURNO_ENFERMERO_ID, TURNO_HORARIO, HABITACION_ID, ENFERMERO_ID, ADMINISTRADOR_ID)
VALUES (23, "matutino", "min03", "enf2", "adm001");
INSERT IGNORE INTO TURNO_ENFERMERO (TURNO_ENFERMERO_ID, TURNO_HORARIO, HABITACION_ID, ENFERMERO_ID, ADMINISTRADOR_ID)
VALUES (24, "matutino", "min04", "enf2", "adm001");
INSERT IGNORE INTO TURNO_ENFERMERO (TURNO_ENFERMERO_ID, TURNO_HORARIO, HABITACION_ID, ENFERMERO_ID, ADMINISTRADOR_ID)
VALUES (25, "matutino", "min05", "enf2", "adm001");
INSERT IGNORE INTO TURNO_ENFERMERO (TURNO_ENFERMERO_ID, TURNO_HORARIO, HABITACION_ID, ENFERMERO_ID, ADMINISTRADOR_ID)
VALUES (26, "matutino", "min06", "enf2", "adm001");
INSERT IGNORE INTO TURNO_ENFERMERO (TURNO_ENFERMERO_ID, TURNO_HORARIO, HABITACION_ID, ENFERMERO_ID, ADMINISTRADOR_ID)
VALUES (27, "matutino", "min07", "enf2", "adm001");
INSERT IGNORE INTO TURNO_ENFERMERO (TURNO_ENFERMERO_ID, TURNO_HORARIO, HABITACION_ID, ENFERMERO_ID, ADMINISTRADOR_ID)
VALUES (28, "matutino", "min08", "enf2", "adm001");
INSERT IGNORE INTO TURNO_ENFERMERO (TURNO_ENFERMERO_ID, TURNO_HORARIO, HABITACION_ID, ENFERMERO_ID, ADMINISTRADOR_ID)
VALUES (29, "matutino", "min09", "enf2", "adm001");
INSERT IGNORE INTO TURNO_ENFERMERO (TURNO_ENFERMERO_ID, TURNO_HORARIO, HABITACION_ID, ENFERMERO_ID, ADMINISTRADOR_ID)
VALUES (30, "matutino", "min10", "enf2", "adm001");
INSERT IGNORE INTO TURNO_ENFERMERO (TURNO_ENFERMERO_ID, TURNO_HORARIO, HABITACION_ID, ENFERMERO_ID, ADMINISTRADOR_ID)
VALUES (31, "matutino", "min11", "enf2", "adm001");
INSERT IGNORE INTO TURNO_ENFERMERO (TURNO_ENFERMERO_ID, TURNO_HORARIO, HABITACION_ID, ENFERMERO_ID, ADMINISTRADOR_ID)
VALUES (32, "matutino", "min12", "enf2", "adm001");
INSERT IGNORE INTO TURNO_ENFERMERO (TURNO_ENFERMERO_ID, TURNO_HORARIO, HABITACION_ID, ENFERMERO_ID, ADMINISTRADOR_ID)
VALUES (33, "matutino", "min13", "enf2", "adm001");
INSERT IGNORE INTO TURNO_ENFERMERO (TURNO_ENFERMERO_ID, TURNO_HORARIO, HABITACION_ID, ENFERMERO_ID, ADMINISTRADOR_ID)
VALUES (34, "matutino", "min14", "enf2", "adm001");
INSERT IGNORE INTO TURNO_ENFERMERO (TURNO_ENFERMERO_ID, TURNO_HORARIO, HABITACION_ID, ENFERMERO_ID, ADMINISTRADOR_ID)
VALUES (35, "matutino", "min15", "enf2", "adm001");
INSERT IGNORE INTO TURNO_ENFERMERO (TURNO_ENFERMERO_ID, TURNO_HORARIO, HABITACION_ID, ENFERMERO_ID, ADMINISTRADOR_ID)
VALUES (36, "matutino", "min16", "enf2", "adm001");
INSERT IGNORE INTO TURNO_ENFERMERO (TURNO_ENFERMERO_ID, TURNO_HORARIO, HABITACION_ID, ENFERMERO_ID, ADMINISTRADOR_ID)
VALUES (37, "matutino", "min17", "enf2", "adm001");
INSERT IGNORE INTO TURNO_ENFERMERO (TURNO_ENFERMERO_ID, TURNO_HORARIO, HABITACION_ID, ENFERMERO_ID, ADMINISTRADOR_ID)
VALUES (38, "matutino", "min18", "enf2", "adm001");
INSERT IGNORE INTO TURNO_ENFERMERO (TURNO_ENFERMERO_ID, TURNO_HORARIO, HABITACION_ID, ENFERMERO_ID, ADMINISTRADOR_ID)
VALUES (39, "matutino", "min19", "enf2", "adm001");
INSERT IGNORE INTO TURNO_ENFERMERO (TURNO_ENFERMERO_ID, TURNO_HORARIO, HABITACION_ID, ENFERMERO_ID, ADMINISTRADOR_ID)
VALUES (40, "matutino", "min20", "enf2", "adm001");

INSERT IGNORE INTO TURNO_DOCTOR (TURNO_DOCTOR_ID, TURNO_HORARIO, HABITACION_ID, DOCTOR_ID, ADMINISTRADOR_ID)
VALUES (1, "matutino", "min01", "doc2", "adm001");
INSERT IGNORE INTO TURNO_DOCTOR (TURNO_DOCTOR_ID, TURNO_HORARIO, HABITACION_ID, DOCTOR_ID, ADMINISTRADOR_ID)
VALUES (2, "matutino", "min02", "doc2", "adm001");
INSERT IGNORE INTO TURNO_DOCTOR (TURNO_DOCTOR_ID, TURNO_HORARIO, HABITACION_ID, DOCTOR_ID, ADMINISTRADOR_ID)
VALUES (3, "matutino", "min03", "doc2", "adm001");
INSERT IGNORE INTO TURNO_DOCTOR (TURNO_DOCTOR_ID, TURNO_HORARIO, HABITACION_ID, DOCTOR_ID, ADMINISTRADOR_ID)
VALUES (4, "matutino", "min04", "doc2", "adm001");
INSERT IGNORE INTO TURNO_DOCTOR (TURNO_DOCTOR_ID, TURNO_HORARIO, HABITACION_ID, DOCTOR_ID, ADMINISTRADOR_ID)
VALUES (5, "matutino", "min05", "doc2", "adm001");
INSERT IGNORE INTO TURNO_DOCTOR (TURNO_DOCTOR_ID, TURNO_HORARIO, HABITACION_ID, DOCTOR_ID, ADMINISTRADOR_ID)
VALUES (6, "matutino", "min06", "doc2", "adm001");
INSERT IGNORE INTO TURNO_DOCTOR (TURNO_DOCTOR_ID, TURNO_HORARIO, HABITACION_ID, DOCTOR_ID, ADMINISTRADOR_ID)
VALUES (7, "matutino", "min07", "doc2", "adm001");
INSERT IGNORE INTO TURNO_DOCTOR (TURNO_DOCTOR_ID, TURNO_HORARIO, HABITACION_ID, DOCTOR_ID, ADMINISTRADOR_ID)
VALUES (8, "matutino", "min08", "doc2", "adm001");
INSERT IGNORE INTO TURNO_DOCTOR (TURNO_DOCTOR_ID, TURNO_HORARIO, HABITACION_ID, DOCTOR_ID, ADMINISTRADOR_ID)
VALUES (9, "matutino", "min09", "doc2", "adm001");
INSERT IGNORE INTO TURNO_DOCTOR (TURNO_DOCTOR_ID, TURNO_HORARIO, HABITACION_ID, DOCTOR_ID, ADMINISTRADOR_ID)
VALUES (10, "matutino", "min10", "doc2", "adm001");
INSERT IGNORE INTO TURNO_DOCTOR (TURNO_DOCTOR_ID, TURNO_HORARIO, HABITACION_ID, DOCTOR_ID, ADMINISTRADOR_ID)
VALUES (11, "matutino", "min11", "doc2", "adm001");
INSERT IGNORE INTO TURNO_DOCTOR (TURNO_DOCTOR_ID, TURNO_HORARIO, HABITACION_ID, DOCTOR_ID, ADMINISTRADOR_ID)
VALUES (12, "matutino", "min12", "doc2", "adm001");
INSERT IGNORE INTO TURNO_DOCTOR (TURNO_DOCTOR_ID, TURNO_HORARIO, HABITACION_ID, DOCTOR_ID, ADMINISTRADOR_ID)
VALUES (13, "matutino", "min13", "doc2", "adm001");
INSERT IGNORE INTO TURNO_DOCTOR (TURNO_DOCTOR_ID, TURNO_HORARIO, HABITACION_ID, DOCTOR_ID, ADMINISTRADOR_ID)
VALUES (14, "matutino", "min14", "doc2", "adm001");
INSERT IGNORE INTO TURNO_DOCTOR (TURNO_DOCTOR_ID, TURNO_HORARIO, HABITACION_ID, DOCTOR_ID, ADMINISTRADOR_ID)
VALUES (15, "matutino", "min15", "doc2", "adm001");
INSERT IGNORE INTO TURNO_DOCTOR (TURNO_DOCTOR_ID, TURNO_HORARIO, HABITACION_ID, DOCTOR_ID, ADMINISTRADOR_ID)
VALUES (16, "matutino", "min16", "doc2", "adm001");
INSERT IGNORE INTO TURNO_DOCTOR (TURNO_DOCTOR_ID, TURNO_HORARIO, HABITACION_ID, DOCTOR_ID, ADMINISTRADOR_ID)
VALUES (17, "matutino", "min17", "doc2", "adm001");
INSERT IGNORE INTO TURNO_DOCTOR (TURNO_DOCTOR_ID, TURNO_HORARIO, HABITACION_ID, DOCTOR_ID, ADMINISTRADOR_ID)
VALUES (18, "matutino", "min18", "doc2", "adm001");
INSERT IGNORE INTO TURNO_DOCTOR (TURNO_DOCTOR_ID, TURNO_HORARIO, HABITACION_ID, DOCTOR_ID, ADMINISTRADOR_ID)
VALUES (19, "matutino", "min19", "doc2", "adm001");
INSERT IGNORE INTO TURNO_DOCTOR (TURNO_DOCTOR_ID, TURNO_HORARIO, HABITACION_ID, DOCTOR_ID, ADMINISTRADOR_ID)
VALUES (20, "matutino", "min20", "doc2", "adm001");